,City,Lat,lng,Max temp,Humidity,Cloudiness,Wind Speed,Country,Date
0,Vaini,-21.2,-175.2,86.0,74,20,6.91,TO,1619224097
1,Carnarvon,-24.8667,113.6333,68.0,56,1,8.05,AU,1619224097
2,Vostok,46.4856,135.8833,36.77,97,100,3.91,RU,1619224098
3,Bredasdorp,-34.5322,20.0403,50.0,93,95,2.75,ZA,1619223932
4,Örnsköldsvik,63.2909,18.7153,33.8,60,90,16.11,SE,1619224100
5,Rikitea,-23.1203,-134.9692,79.09,69,100,18.16,PF,1619224100
6,Mar del Plata,-38.0023,-57.5575,69.01,88,75,6.91,AR,1619223935
7,Shelburne,44.0787,-80.2041,57.2,33,1,5.75,CA,1619224101
8,Qaanaaq,77.484,-69.3632,18.12,84,100,5.73,GL,1619224101
9,Hasaki,35.7333,140.8333,62.01,63,20,3.44,JP,1619224101
10,Busselton,-33.65,115.3333,64.0,71,95,1.99,AU,1619224102
11,Aklavik,68.2191,-135.0107,39.2,45,75,3.44,CA,1619224102
12,Chui,-33.6971,-53.4616,66.47,86,11,12.41,UY,1619224102
13,Broken Hill,-31.95,141.4333,60.8,51,85,8.05,AU,1619224103
14,Barcelos,41.5388,-8.6151,59.0,94,75,8.05,PT,1619223905
15,Seka,17.9285,103.9552,88.0,70,56,6.53,TH,1619224106
16,Castro,-24.7911,-50.0119,55.94,73,14,3.04,BR,1619224107
17,Hithadhoo,-0.6,73.0833,82.33,71,20,7.72,MV,1619224108
18,Geraldton,-28.7667,114.6,64.4,63,75,6.91,AU,1619224109
19,Esperance,-33.8667,121.9,57.2,88,100,11.5,AU,1619224109
20,Punta Arenas,-53.15,-70.9167,44.6,93,40,3.44,CL,1619224001
21,Łęczna,51.3012,22.8814,33.8,100,0,8.05,PL,1619224110
22,Bengkulu,-3.8004,102.2655,74.16,88,96,3.6,ID,1619224110
23,Mataura,-46.1927,168.8643,55.0,78,76,3.0,NZ,1619224111
24,Piaçabuçu,-10.4056,-36.4344,78.26,82,51,6.78,BR,1619224111
25,Beloha,-25.1667,45.05,70.0,73,5,11.7,MG,1619224111
26,Yangi Marg`ilon,40.4272,71.7189,48.2,61,37,4.61,UZ,1619224112
27,North Bend,43.4065,-124.2243,54.0,71,75,6.91,US,1619224112
28,Cidreira,-30.1811,-50.2056,70.65,79,1,17.4,BR,1619224112
29,Avarua,-21.2078,-159.775,82.4,74,40,20.71,CK,1619224112
30,Tieling,42.2931,123.8414,58.53,68,85,11.23,CN,1619224113
31,Ushuaia,-54.8,-68.3,42.8,93,75,10.36,AR,1619224067
32,Ardeşen,41.1911,40.9875,50.0,93,0,3.44,TR,1619224114
33,Kuvshinovo,57.0295,34.1725,33.6,85,91,3.58,RU,1619224115
34,Toba,34.4833,136.85,62.01,82,100,7.0,JP,1619224115
35,Boende,-0.2167,20.8667,71.92,98,100,3.56,CD,1619224115
36,Hilo,19.7297,-155.09,82.4,51,75,11.5,US,1619224115
37,Kapaa,22.0752,-159.319,78.8,65,40,14.97,US,1619224116
38,Cape Town,-33.9258,18.4232,59.0,82,0,9.22,ZA,1619224116
39,Presidente Médici,-11.1753,-61.9014,74.07,90,17,2.59,BR,1619224116
40,Hobart,-42.8794,147.3294,57.2,62,75,12.66,AU,1619223898
41,Pevek,69.7008,170.3133,16.12,86,54,0.38,RU,1619224117
42,Cascais,38.6979,-9.4215,62.01,91,45,15.66,PT,1619224118
43,Port-Cartier,50.0334,-66.8654,35.01,100,90,4.61,CA,1619224118
44,Yerbogachën,61.2767,108.0108,34.12,73,70,7.9,RU,1619224118
45,Sobolevo,54.4299,31.8996,33.24,84,42,5.03,RU,1619224119
46,Dikson,73.5069,80.5464,32.2,97,100,16.37,RU,1619224119
47,Puerto Ayora,-0.7393,-90.3518,77.0,95,43,5.01,EC,1619224119
48,Vestmannaeyjar,63.4427,-20.2734,46.31,89,100,18.07,IS,1619224119
49,Kavieng,-2.5744,150.7967,81.66,75,97,3.76,PG,1619224120
50,Hermanus,-34.4187,19.2345,55.0,90,85,1.01,ZA,1619224120
51,Nikolskoye,59.7035,30.7861,37.0,86,40,2.24,RU,1619224120
52,Albany,42.6001,-73.9662,55.4,37,1,9.22,US,1619224121
53,Doda,33.1333,75.5667,48.34,76,3,6.4,IN,1619224121
54,Wellington,-41.2866,174.7756,68.0,49,7,13.8,NZ,1619223889
55,Arrifes,37.7667,-25.7,57.2,72,20,12.66,PT,1619224123
56,Harbour Breton,47.4833,-55.7983,37.67,81,56,23.71,CA,1619224123
57,Lavrentiya,65.5833,-171.0,33.24,81,28,3.04,RU,1619223974
58,Tasiilaq,65.6145,-37.6368,37.4,52,75,18.41,GL,1619224123
59,Norfolk,42.1668,-71.2495,54.0,30,27,17.27,US,1619224123
60,Tianpeng,30.9866,103.9393,68.0,1,80,1.23,CN,1619224124
61,Yarmouth,41.7057,-70.2286,48.99,61,1,11.5,US,1619224124
62,Ilulissat,69.2167,-51.1,33.8,60,100,9.22,GL,1619224124
63,Lagunas,-5.2269,-75.6753,75.04,95,86,1.39,PE,1619224126
64,Bonthe,7.5264,-12.505,79.88,84,100,6.64,SL,1619224127
65,Katsuura,35.1333,140.3,62.01,58,75,5.75,JP,1619224127
66,Saint-Pierre,-21.3393,55.4781,77.0,83,90,19.57,RE,1619223907
67,Sirte,31.2089,16.5887,64.54,85,35,16.91,LY,1619224127
68,Khatanga,71.9667,102.5,32.77,98,100,20.02,RU,1619224128
69,Kruisfontein,-34.0033,24.7314,59.0,92,22,1.99,ZA,1619224128
70,Sechura,-5.5569,-80.8222,74.61,63,6,16.69,PE,1619224128
71,Gouyave,12.1646,-61.7296,80.6,78,20,13.8,GD,1619224128
72,Thompson,55.7435,-97.8558,26.6,39,40,12.66,CA,1619224131
73,Anloga,5.7947,0.8973,84.2,84,40,4.61,GH,1619224131
74,Yellowknife,62.456,-114.3525,17.6,53,75,11.5,CA,1619224132
75,Yulara,-25.2406,130.9889,66.2,42,1,10.36,AU,1619224133
76,Anadyr,64.75,177.4833,23.0,80,0,4.47,RU,1619224133
77,Sokoni,-6.4333,39.55,80.6,78,40,11.5,TZ,1619224133
78,Aden,12.7794,45.0367,80.98,82,4,17.0,YE,1619224127
79,Port Moresby,-9.4431,147.1797,83.39,75,86,1.63,PG,1619224003
80,New Norfolk,-42.7826,147.0587,55.99,78,99,5.01,AU,1619224135
81,Guasdualito,7.2424,-70.7324,84.2,65,45,2.3,VE,1619224135
82,Road Town,18.4167,-64.6167,80.6,74,20,4.61,VG,1619224135
83,Provideniya,64.3833,-173.3,41.07,52,67,4.7,RU,1619224136
84,Mount Gambier,-37.8333,140.7667,57.2,94,75,8.05,AU,1619224136
85,Venice,27.0998,-82.4543,79.0,73,1,4.61,US,1619224064
86,Shimanovsk,52.0,127.7,40.66,32,22,14.76,RU,1619224136
87,Sri Aman,1.2376,111.4621,77.0,94,20,1.61,MY,1619224136
88,Pangnirtung,66.1451,-65.7125,32.99,86,100,4.38,CA,1619224137
89,Atuona,-9.8,-139.0333,80.31,79,35,23.73,PF,1619224036
90,Aswān,24.0934,32.907,81.86,8,0,13.82,EG,1619224138
91,Inírida,3.8653,-67.9239,77.11,90,93,2.62,CO,1619224138
92,Iqaluit,63.7506,-68.5145,28.4,93,90,3.44,CA,1619224139
93,Ponta Delgada,37.7333,-25.6667,57.2,72,20,12.66,PT,1619224139
94,Lorengau,-2.0226,147.2712,81.66,77,82,4.63,PG,1619224139
95,Rexburg,43.826,-111.7897,55.4,30,75,16.11,US,1619224139
96,Kaniv,49.7518,31.46,36.39,82,8,9.93,UA,1619224140
97,Bethel,41.3712,-73.414,60.8,20,1,10.36,US,1619224140
98,Snåase,64.2457,12.3778,29.35,90,61,5.41,NO,1619224140
99,Arezzo,43.4724,11.869,48.99,73,0,3.0,IT,1619224141
100,Upernavik,72.7868,-56.1549,28.24,85,100,3.49,GL,1619224142
101,Talakan,50.3167,130.3667,40.62,34,0,10.36,RU,1619224142
102,Manatí,18.4275,-66.4921,77.0,87,74,5.35,PR,1619224143
103,Florianópolis,-27.6146,-48.5012,73.0,94,40,3.44,BR,1619224143
104,Port Alfred,-33.5906,26.891,66.06,71,0,18.68,ZA,1619224143
105,Hirara,24.8,125.2833,75.2,73,40,17.27,JP,1619224143
106,Bandarbeyla,9.4942,50.8122,82.65,73,91,5.82,SO,1619224144
107,Kasempa,-13.4584,25.8338,63.48,71,54,5.23,ZM,1619224144
108,Saint-Philippe,-21.3585,55.7679,77.0,83,90,19.57,RE,1619224144
109,Petropavlovsk-Kamchatskiy,53.0452,158.6483,42.8,70,69,2.24,RU,1619224105
110,Tuatapere,-46.1333,167.6833,55.0,78,99,3.0,NZ,1619224145
111,Amapá,1.0,-52.0,72.46,99,100,1.52,BR,1619224145
112,Tripoli,32.8752,13.1875,61.36,84,47,12.62,LY,1619224145
113,Oktyabr'skiy,54.4815,53.471,44.87,92,100,8.68,RU,1619224145
114,Bosaso,11.2842,49.1816,84.27,65,18,6.6,SO,1619224146
115,Barrow,71.2906,-156.7887,24.8,80,1,5.75,US,1619224146
116,Pringsewu,-5.3582,104.9744,74.97,89,11,3.89,ID,1619224146
117,Vrangel',42.7297,133.0839,48.13,67,100,9.86,RU,1619224148
118,Kudahuvadhoo,2.6708,72.8944,83.23,65,10,10.71,MV,1619224148
119,Dakar,14.6937,-17.4441,68.0,88,75,18.41,SN,1619224057
120,Maniitsoq,65.4167,-52.9,31.87,73,12,6.85,GL,1619224149
121,Westport,41.1415,-73.3579,60.8,21,1,9.22,US,1619223946
122,Steamboat Springs,40.485,-106.8317,48.2,43,90,9.22,US,1619223893
123,Quatre Cocos,-20.2078,57.7625,78.8,83,40,11.5,MU,1619224149
124,Fairbanks,64.8378,-147.7164,59.0,22,1,9.22,US,1619224149
125,Sudak,44.85,34.9667,49.91,82,74,6.15,UA,1619224150
126,Jamestown,42.097,-79.2353,50.0,43,1,13.8,US,1619224150
127,Chokurdakh,70.6333,147.9167,6.46,86,55,1.43,RU,1619223853
128,Cabo San Lucas,22.8909,-109.9124,82.4,57,20,11.5,MX,1619224150
129,Coquimbo,-29.9533,-71.3436,57.2,82,0,4.61,CL,1619224151
130,Hervey Bay,-25.2986,152.8535,71.01,68,76,4.0,AU,1619224152
131,Port Hardy,50.6996,-127.4199,53.6,58,90,4.61,CA,1619224153
132,Saint George,37.1041,-113.5841,81.0,9,1,23.02,US,1619224153
133,Sassandra,4.95,-6.0833,80.73,85,100,7.23,CI,1619224153
134,Arraial do Cabo,-22.9661,-42.0278,74.46,77,38,14.05,BR,1619224153
135,Bambous Virieux,-20.3428,57.7575,78.8,83,40,11.5,MU,1619224154
136,East London,-33.0153,27.9116,63.59,75,4,8.57,ZA,1619224154
137,Coyhaique,-45.5752,-72.0662,48.2,76,75,6.91,CL,1619224154
138,Bilibino,68.0546,166.4372,23.58,81,97,3.62,RU,1619223888
139,Santa Cruz de la Sierra,-17.8,-63.1667,71.6,94,75,5.75,BO,1619224078
140,Kalmunai,7.4167,81.8167,79.21,83,6,2.64,LK,1619224157
141,Airai,-8.9266,125.4092,67.96,64,12,3.11,TL,1619224157
142,Cravo Norte,6.3017,-70.2041,85.19,50,93,5.39,CO,1619224157
143,Kuala Terengganu,5.3302,103.1408,75.2,94,40,6.91,MY,1619224158
144,San Patricio,28.017,-97.5169,79.0,83,75,20.71,US,1619224158
145,Hong Kong,22.2855,114.1577,77.0,85,40,4.0,HK,1619224035
146,Vila Franca do Campo,37.7167,-25.4333,57.2,72,20,12.66,PT,1619223862
147,Shaoyang,27.2315,111.4525,69.01,86,96,6.11,CN,1619224158
148,Codrington,-38.2667,141.9667,58.84,77,100,11.34,AU,1619224159
149,Butaritari,3.0707,172.7902,82.38,76,96,8.39,KI,1619224159
150,Faanui,-16.4833,-151.75,79.72,76,75,11.68,PF,1619224160
151,Poltavka,54.3663,71.7632,33.66,60,98,8.59,RU,1619224161
152,Havelock,34.8791,-76.9013,62.01,47,40,9.22,US,1619224162
153,Laas,46.6166,10.7002,46.0,65,0,4.61,IT,1619224162
154,Kyzyl,51.7,94.45,34.21,75,100,1.74,RU,1619224163
155,Yatou,37.15,122.3833,50.72,83,100,15.77,CN,1619224163
156,Bijie,27.3125,105.2942,62.33,87,100,5.26,CN,1619224163
157,Severo-Kuril'sk,50.6789,156.125,37.4,88,97,7.9,RU,1619224165
158,Saldanha,-33.0117,17.9442,53.6,82,74,3.44,ZA,1619224165
159,Bizhbulyak,53.6967,54.2642,43.2,91,100,12.73,RU,1619224165
160,Sretensk,52.2453,117.7093,40.23,21,65,3.78,RU,1619224165
161,Bereda,43.2686,-7.5406,55.0,100,96,1.01,ES,1619224166
162,Heinola,61.2056,26.0381,33.8,100,90,3.44,FI,1619224166
163,Manaus,-3.1019,-60.025,77.0,94,75,2.68,BR,1619224166
164,Panguna,-6.3164,155.4848,79.59,62,98,3.8,PG,1619224167
165,Yabrūd,33.9674,36.6574,66.2,26,75,6.91,SY,1619224167
166,Vao,-22.6667,167.4833,75.63,75,79,13.71,NC,1619224172
167,Ahipara,-35.1667,173.1667,66.51,62,36,9.51,NZ,1619224173
168,Klaksvík,62.2266,-6.589,42.8,100,75,4.61,FO,1619224176
169,Coahuayana Viejo,18.7333,-103.6833,84.2,32,1,11.5,MX,1619224177
170,Dunedin,-45.8742,170.5036,57.99,74,75,4.0,NZ,1619224178
171,Touros,-5.1989,-35.4608,78.8,89,40,4.61,BR,1619224040
172,Qaqortoq,60.7167,-46.0333,39.2,65,3,2.3,GL,1619224179
173,Edd,13.9297,41.6925,85.91,55,21,12.93,ER,1619224179
174,Binga,-17.6203,27.3414,66.22,71,0,0.18,ZW,1619224179
175,Port Hedland,-20.3167,118.5667,82.4,18,0,12.66,AU,1619223888
176,Rio Grande,-32.035,-52.0986,66.0,92,2,16.89,BR,1619224180
177,Emerald,-23.5333,148.1667,73.99,28,21,14.97,AU,1619224180
178,Ternate,0.8,127.4,82.99,75,47,5.41,ID,1619224180
179,Ponta do Sol,32.6667,-17.1,61.0,79,52,1.99,PT,1619224181
180,Salinópolis,-0.6136,-47.3561,78.8,86,74,8.9,BR,1619224181
181,Beringovskiy,63.05,179.3167,28.45,85,99,5.73,RU,1619224181
182,Seoul,37.5683,126.9778,62.6,42,0,5.75,KR,1619223971
183,Egvekinot,66.3167,-179.1667,31.62,86,100,2.95,RU,1619224182
184,Camacha,33.0833,-16.3333,64.4,72,40,13.8,PT,1619224182
185,Padang,-0.9492,100.3543,75.2,88,20,2.3,ID,1619224098
186,Narsaq,60.9167,-46.05,39.2,65,1,2.3,GL,1619224182
187,Chapais,49.7834,-74.8492,46.4,39,1,8.05,CA,1619224182
188,Fort Nelson,58.8053,-122.7002,35.6,41,75,5.75,CA,1619224183
189,Edgewood,39.4187,-76.2944,60.8,31,1,9.22,US,1619224183
190,Kangasala,61.4638,24.076,35.01,86,90,10.36,FI,1619224183
191,Vilyuysk,63.7553,121.6247,23.23,87,75,3.69,RU,1619224184
192,Lyngdal,58.1376,7.07,42.01,63,18,5.99,NO,1619224184
193,Mozelos,41.8677,-8.3978,60.01,100,75,4.61,PT,1619224184
194,Malartic,48.1335,-78.1328,59.0,26,40,8.05,CA,1619224184
195,Alofi,-19.0595,-169.9187,86.0,70,12,9.22,NU,1619224185
196,Orlik,52.5178,99.825,24.51,91,100,3.15,RU,1619224185
197,Zhangye,38.9342,100.4517,40.28,79,99,1.25,CN,1619224187
198,Otradnoye,59.7775,30.8181,37.0,86,40,2.24,RU,1619224187
199,Sørland,67.667,12.6934,36.88,52,99,22.28,NO,1619224187
200,Corigliano Calabro,39.595,16.5177,53.01,100,90,10.36,IT,1619224188
201,Mossamedes,-15.1961,12.1522,77.74,77,9,2.06,AO,1619224188
202,Ngunguru,-35.6167,174.5,71.01,67,3,5.99,NZ,1619224188
203,Mandera,3.9366,41.867,80.04,71,93,5.53,KE,1619224188
204,Avera,33.194,-82.5271,64.4,39,1,3.44,US,1619224189
205,Belyy Yar,53.6039,91.3903,28.4,59,0,4.47,RU,1619224189
206,Leningradskiy,69.3833,178.4167,29.08,83,99,3.71,RU,1619224190
207,Torbat-e Jām,35.244,60.6225,63.37,13,24,10.33,IR,1619224191
208,Clyde River,70.4692,-68.5914,15.8,92,90,2.3,CA,1619224191
209,Gal'bshtadt,53.2264,78.9845,32.68,78,4,6.35,RU,1619224191
210,Zaraza,9.3503,-65.3245,81.19,62,29,11.43,VE,1619224192
211,Kavaratti,10.5669,72.642,84.22,69,28,6.6,IN,1619224192
212,Lebu,-37.6167,-73.65,52.95,92,19,6.35,CL,1619224192
213,Saint Paul Harbor,57.79,-152.4072,41.0,81,90,5.75,US,1619224193
214,Poum,-20.2333,164.0167,79.68,76,95,5.79,NC,1619224193
215,Forsytheganj,52.6333,29.7333,34.27,87,39,9.13,BY,1619224197
216,Kālīnagar,28.6167,80.1,70.92,46,23,6.93,IN,1619224199
217,Yagodnoye,62.55,149.6667,15.73,78,100,7.34,RU,1619224200
218,Grindavik,63.8424,-22.4338,46.4,87,90,9.22,IS,1619224201
219,Wattegama,6.7989,81.4808,75.7,89,10,2.17,LK,1619224202
220,Norman Wells,65.282,-126.8329,33.8,37,75,14.97,CA,1619224203
221,Kaitangata,-46.2817,169.8464,57.99,64,100,1.01,NZ,1619224203
222,Tiksi,71.6872,128.8694,15.44,82,100,11.41,RU,1619224204
223,George Town,5.4112,100.3354,78.01,94,40,4.61,MY,1619224126
224,Caravelas,-17.7125,-39.2481,73.71,85,0,4.29,BR,1619224207
225,Cherskiy,68.75,161.3,25.43,90,100,5.28,RU,1619224208
226,Arrondissement de Lannion,48.75,-3.4167,48.2,81,0,5.75,FR,1619224208
227,Hamilton,39.1834,-84.5333,55.99,47,90,5.75,US,1619223977
228,Ponnāni,10.767,75.9252,78.8,83,20,2.3,IN,1619224210
229,Zyryanka,65.75,150.85,14.23,90,100,23.17,RU,1619224211
230,Cabedelo,-6.9811,-34.8339,78.8,89,20,5.75,BR,1619224211
231,San Jerónimo,-11.9472,-75.2829,48.92,89,91,4.41,PE,1619224211
232,Nouadhibou,20.931,-17.0347,64.4,88,0,17.27,MR,1619224211
233,Alugan,12.2188,125.4808,83.14,75,100,5.57,PH,1619224212
234,Pangkalanbuun,-2.6833,111.6167,83.5,68,90,2.82,ID,1619224212
235,Nizhneangarsk,55.7833,109.55,30.97,71,100,3.62,RU,1619224212
236,Acaraú,-2.8856,-40.12,78.42,84,66,9.8,BR,1619224213
237,Port Elizabeth,-33.918,25.5701,60.8,88,0,2.3,ZA,1619224214
238,Tuktoyaktuk,69.4541,-133.0374,17.6,73,75,9.22,CA,1619224215
239,Bahía Honda,22.9036,-83.1592,78.39,74,3,11.03,CU,1619224216
240,Lincoln,40.8,-96.667,64.4,39,1,4.41,US,1619224145
241,Gillette,44.2911,-105.5022,33.8,69,90,10.36,US,1619224021
242,Bella Union,-30.2752,-57.6007,67.73,80,100,5.95,UY,1619224219
243,Rosario,-32.9468,-60.6393,68.0,88,75,8.05,AR,1619224152
244,Labuhan,-6.8844,112.2051,80.13,74,2,5.01,ID,1619224220
245,Agüimes,27.9054,-15.4461,72.0,68,75,9.22,ES,1619224221
246,Pitimbu,-7.4706,-34.8086,78.8,89,20,5.75,BR,1619224221
247,Auki,-8.7676,160.7034,85.14,67,44,2.24,SB,1619224221
248,Muskegon,43.3,-86.1334,55.4,30,75,8.05,US,1619224221
249,Longyearbyen,78.2186,15.6401,15.8,67,75,8.05,SJ,1619224222
250,Bålsta,59.5671,17.5278,35.6,55,0,11.5,SE,1619224222
251,Damietta,31.4165,31.8133,64.4,88,0,10.36,EG,1619224222
252,Kabinda,-6.1333,24.4833,67.66,88,93,1.92,CD,1619224223
253,Abonnema,4.7084,6.7931,80.6,83,40,2.3,NG,1619224223
254,Coelho Neto,-4.2567,-43.0128,74.21,96,100,2.53,BR,1619224224
255,Souillac,-20.5167,57.5167,78.8,83,40,11.5,MU,1619224225
256,Bluff,-46.6,168.3333,55.99,78,99,1.99,NZ,1619224225
257,Guerrero Negro,27.9769,-114.0611,60.98,71,0,22.06,MX,1619224225
258,Sibu,2.3,111.8167,80.6,83,20,4.61,MY,1619224226
259,Kayerkan,69.3497,87.7602,29.62,94,100,22.68,RU,1619224226
260,Bulancak,40.9372,38.2291,51.8,82,0,3.44,TR,1619224226
261,Port Augusta,-32.5,137.7667,64.4,68,40,5.75,AU,1619224227
262,Krasnosel'kup,65.7,82.4667,30.97,91,100,16.44,RU,1619224227
263,Hokitika,-42.7167,170.9667,58.68,73,57,5.44,NZ,1619224228
264,Tessalit,20.1986,1.0114,84.58,8,0,7.14,ML,1619224229
265,Fortuna,40.5982,-124.1573,55.99,87,20,12.66,US,1619224231
266,Umeå,63.8284,20.2597,33.8,86,90,17.27,SE,1619224231
267,Ola,59.5833,151.2833,28.22,84,95,2.44,RU,1619224231
268,Verkhnevilyuysk,63.4453,120.3167,30.18,89,99,4.38,RU,1619224232
269,Kloulklubed,7.0419,134.2556,86.0,74,40,10.36,PW,1619224232
270,San Angelo,31.4638,-100.437,84.0,9,44,3.0,US,1619224095
271,Vanino,49.0869,140.2543,39.58,68,99,8.48,RU,1619224233
272,Kangaatsiaq,68.3065,-53.4641,28.67,82,100,5.44,GL,1619224233
273,Yamada,39.4667,141.95,59.25,51,99,8.01,JP,1619224233
274,Sittwe,20.15,92.9,81.48,80,46,5.14,MM,1619224234
275,Tashtagol,52.7657,87.8894,29.77,82,96,3.0,RU,1619224234
276,Gull Lake,50.1001,-108.4847,35.6,27,20,3.44,CA,1619224234
277,Tankhoy,51.5528,105.1306,32.29,85,100,6.87,RU,1619224235
278,Ulety,51.3572,112.4849,42.98,17,100,3.24,RU,1619224235
279,Rocha,-34.4833,-54.3333,62.69,95,39,9.28,UY,1619224237
280,Haines Junction,60.7522,-137.5108,51.8,22,15,4.61,CA,1619224238
281,Tarauacá,-8.1614,-70.7656,74.32,96,57,1.99,BR,1619224142
282,Rosário do Sul,-30.2583,-54.9142,67.75,58,99,6.02,BR,1619224238
283,Dabakala,8.3667,-4.4333,78.55,73,96,5.95,CI,1619224239
284,Hearst,49.6835,-83.6665,50.0,53,100,10.36,CA,1619224241
285,Qasigiannguit,68.8193,-51.1922,33.8,60,100,9.22,GL,1619224241
286,La Ronge,55.1001,-105.2842,30.2,34,95,12.66,CA,1619224242
287,Dzilam González,21.2833,-88.9333,84.6,44,3,10.51,MX,1619224243
288,Jojoima,7.8792,-10.7878,74.08,90,98,2.93,SL,1619224244
289,Khonsa,27.0167,95.5667,73.8,43,4,0.51,IN,1619224245
290,Margate,51.3813,1.3862,46.0,74,73,1.01,GB,1619224245
291,San Matías,-16.3667,-58.4,78.37,54,1,5.44,BO,1619224247
292,Malindi,-3.2175,40.1191,79.86,79,55,11.32,KE,1619224247
293,Divnoye,45.9089,43.3547,51.93,70,100,7.58,RU,1619224248
294,Natal,-5.795,-35.2094,82.4,78,75,9.22,BR,1619224250
295,Bhānpurī,21.1,80.9167,81.48,22,60,1.54,IN,1619224251
296,Pathein,16.7833,94.7333,84.94,64,93,10.51,MM,1619224251
297,Stolin,51.8912,26.846,32.74,77,46,10.33,BY,1619224251
298,Tarko-Sale,64.9225,77.785,36.0,72,100,14.0,RU,1619224252
299,North Platte,41.1239,-100.7654,62.6,34,1,13.8,US,1619224173
300,Flin Flon,54.7682,-101.865,30.2,37,40,9.22,CA,1619224253
301,Kattivākkam,13.2167,80.3167,82.4,83,40,3.44,IN,1619224253
302,Port Blair,11.6667,92.75,83.01,63,100,4.25,IN,1619224254
303,Mehamn,71.0357,27.8492,32.11,69,99,15.55,NO,1619224254
304,Aleksandrov Gay,50.147,48.5704,43.48,92,4,5.01,RU,1619224254
305,Fare,-16.7,-151.0167,79.9,74,100,11.16,PF,1619224255
306,Kutum,14.2,24.6667,77.25,17,91,9.37,SD,1619224255
307,Martapura,-3.4167,114.85,78.8,83,4,2.3,ID,1619224256
308,Sortavala,61.7053,30.6918,33.3,93,79,4.23,RU,1619224256
309,Saskylakh,71.9167,114.0833,33.96,96,100,21.05,RU,1619224257
310,Ribeira Grande,38.5167,-28.7,58.51,78,97,27.36,PT,1619224257
311,Sai Buri,6.7013,101.6168,77.0,94,40,3.44,TH,1619224258
312,Galesong,-5.3166,119.3661,77.0,94,20,2.3,ID,1619224258
313,Mahébourg,-20.4081,57.7,78.8,83,40,11.5,MU,1619224258
314,Alta Floresta,-9.8756,-56.0861,71.55,94,21,1.83,BR,1619224259
315,Ulladulla,-35.35,150.4667,62.6,51,90,9.22,AU,1619224259
316,Manchester,53.4809,-2.2374,50.0,53,100,3.44,GB,1619224261
317,Wanning,18.8003,110.3967,82.0,74,10,10.96,CN,1619224262
318,Tombouctou,20.0,-3.0,85.23,12,0,5.39,ML,1619224263
319,Gisborne,-38.6533,178.0042,66.99,58,20,4.0,NZ,1619224195
320,Necochea,-38.5473,-58.7368,60.01,96,100,3.49,AR,1619224265
321,Yenagoa,4.9247,6.2642,77.94,91,100,3.8,NG,1619224265
322,Salalah,17.0151,54.0924,82.4,74,40,3.44,OM,1619224265
323,Zapolyarnyy,69.4154,30.8136,32.0,69,90,11.5,RU,1619224266
324,Merrill,45.1805,-89.6835,57.2,43,90,8.46,US,1619224266
325,Bani Walid,31.7566,13.9942,59.34,78,100,21.83,LY,1619224232
326,Atar,20.5169,-13.0499,78.78,14,0,6.22,MR,1619224267
327,Ukiah,39.1502,-123.2078,69.8,26,1,4.61,US,1619224202
328,Lüderitz,-26.6481,15.1594,63.68,73,6,5.46,NA,1619224267
329,Ugoofaaru,5.6667,73.0,83.55,71,79,8.14,MV,1619224268
330,Portland,45.5234,-122.6762,62.01,41,90,6.91,US,1619223984
331,Cayhagan,9.6697,122.4256,81.86,76,100,9.28,PH,1619224268
332,Taoudenni,22.6783,-3.9836,87.49,7,0,8.01,ML,1619224269
333,San Quintín,30.4833,-115.95,59.94,73,20,16.62,MX,1619224269
334,Laguna,38.421,-121.4238,75.2,37,1,13.8,US,1619224270
335,Adeje,28.1227,-16.726,68.0,83,20,2.3,ES,1619224270
336,Tacuarembó,-31.7333,-55.9833,66.4,66,100,6.04,UY,1619224270
337,Vestmanna,62.1564,-7.1664,42.8,100,75,4.61,FO,1619224271
338,Ca Mau,9.1769,105.15,83.17,73,99,4.85,VN,1619224234
339,NEDJO,9.5046,35.5019,59.9,80,70,1.32,ET,1619224271
340,Plettenberg Bay,-34.0527,23.3716,60.26,87,87,4.5,ZA,1619224271
341,Porgera,-5.4667,143.2,55.06,66,99,2.39,PG,1619224272
342,Yar-Sale,66.8333,70.8333,32.14,98,95,9.13,RU,1619224272
343,At-Bashi,41.1702,75.8106,32.99,37,1,2.15,KG,1619224272
344,São Filipe,14.8961,-24.4956,71.83,73,7,9.1,CV,1619224272
345,Zapadnaya Dvina,56.259,32.0745,30.97,95,71,4.25,RU,1619224273
346,San Cristobal,7.7669,-72.225,84.2,70,20,2.3,VE,1619224273
347,Ust'-Omchug,61.15,149.6333,18.5,71,100,9.8,RU,1619224278
348,Kuytun,54.3419,101.5036,35.65,52,100,11.83,RU,1619224279
349,Sitka,57.0531,-135.33,60.8,21,20,13.8,US,1619224280
350,Majene,-3.5403,118.9707,83.28,72,25,4.41,ID,1619224281
351,Umluj,25.0213,37.2685,81.34,53,0,10.89,SA,1619224008
352,Coronado,32.6859,-117.1831,61.0,72,75,11.5,US,1619224281
353,Lystrup,56.2375,10.2378,37.0,87,20,5.75,DK,1619224281
354,Pisco,-13.7,-76.2167,66.99,82,0,10.36,PE,1619224282
355,Fengzhen,40.4394,113.1536,57.69,50,15,9.44,CN,1619224282
356,Chudovo,59.1167,31.6833,31.66,95,15,4.7,RU,1619224282
357,Lunsar,8.6833,-12.5333,77.88,81,95,2.98,SL,1619224283
358,Chara,56.9064,118.2631,30.83,74,26,4.65,RU,1619224283
359,Luang Prabang,19.8856,102.1347,77.0,94,20,1.72,LA,1619224283
360,Pyshchug,58.8873,45.7134,44.96,76,100,6.78,RU,1619224284
361,Kapoeta,4.7717,33.5903,77.29,65,94,9.55,SS,1619224285
362,Kaeo,-35.1,173.7833,71.01,67,1,5.99,NZ,1619224287
363,Weinan,34.5036,109.5089,57.99,94,90,15.66,CN,1619224287
364,Torbay,47.6666,-52.7314,37.99,93,75,18.41,CA,1619224288
365,Nelson Bay,-32.7167,152.15,64.0,59,96,12.66,AU,1619224031
366,Valparaíso,-33.0393,-71.6273,59.0,77,40,5.75,CL,1619224289
367,Taree,-31.9,152.4667,64.99,55,64,5.75,AU,1619224028
368,Cervo,43.6702,-7.4101,57.99,88,100,5.53,ES,1619224290
369,Walvis Bay,-22.9575,14.5053,61.0,82,3,4.61,NA,1619224033
370,Konstantinovka,49.6167,127.9833,45.46,24,0,11.88,RU,1619224290
371,Quelimane,-17.8786,36.8883,73.4,88,0,1.92,MZ,1619224291
372,Shimoda,34.6667,138.95,60.8,63,75,10.36,JP,1619224291
373,Vaitape,-16.5167,-151.75,79.9,75,100,10.63,PF,1619224291
374,Marawi,7.9986,124.2928,82.99,79,100,1.01,PH,1619224292
375,Guarapari,-20.6667,-40.4975,77.0,73,75,8.05,BR,1619224292
376,Lappeenranta,61.0587,28.1887,36.0,93,90,3.44,FI,1619224166
377,Acajutla,13.5928,-89.8275,75.0,91,14,3.0,SV,1619224292
378,Lockhart,28.6194,-81.4426,72.0,64,1,13.8,US,1619224293
379,Alice Springs,-23.7,133.8833,64.4,42,0,11.5,AU,1619224293
380,Třemošnice,49.8691,15.58,37.4,75,0,3.44,CZ,1619224294
381,Muscle Shoals,34.7448,-87.6675,68.0,40,20,5.75,US,1619224213
382,Dingle,10.9995,122.6711,86.83,60,97,8.1,PH,1619224298
383,Sidi Ali,36.0998,0.4206,58.12,69,66,9.62,DZ,1619224299
384,Gubkinskiy,64.434,76.5026,34.41,99,100,12.64,RU,1619224299
385,Mandalgovi,45.7625,106.2708,41.34,43,99,28.95,MN,1619224035
386,Hualmay,-11.0964,-77.6139,66.69,89,15,7.07,PE,1619224300
387,Copiapó,-27.3667,-70.3333,57.2,77,40,3.44,CL,1619224300
388,Yumen,40.2833,97.2,41.83,68,97,1.77,CN,1619224300
389,Asău,46.4333,26.4,36.0,67,67,2.46,RO,1619224287
390,Kandrian,-6.2167,149.55,82.0,79,94,1.41,PG,1619224300
391,Ust-Tsilma,65.441,52.1498,38.32,93,100,4.47,RU,1619224301
392,Tigil',57.8,158.6667,32.61,97,100,7.38,RU,1619224301
393,Kahului,20.8947,-156.47,82.4,47,40,26.46,US,1619224124
394,Rawson,-43.3002,-65.1023,55.53,64,4,16.75,AR,1619224301
395,Luorong,24.4058,109.6086,78.19,80,99,6.73,CN,1619224302
396,Nouakchott,18.0858,-15.9785,66.2,88,0,10.36,MR,1619224130
397,Tautira,-17.7333,-149.15,86.0,70,40,9.22,PF,1619224302
398,Lata,40.1629,-8.3327,60.01,91,98,4.7,PT,1619224302
399,Kieta,-6.2167,155.6333,84.11,67,61,3.8,PG,1619224303
400,Puerto del Rosario,28.5004,-13.8627,69.8,68,0,4.61,ES,1619224104
401,Arman',59.7,150.1667,31.33,68,9,5.66,RU,1619224303
402,Taltal,-25.4,-70.4833,62.47,81,0,3.91,CL,1619224303
403,Hojāi,26.0,92.8667,77.92,31,1,3.6,IN,1619224304
404,Mach,29.8637,67.3298,66.96,50,0,2.48,PK,1619224304
405,Yichang,30.7144,111.2847,59.29,92,100,3.0,CN,1619224304
406,Izhmorskiy,56.194,86.6414,32.61,81,99,7.52,RU,1619224304
407,Iskateley,67.6803,53.1512,30.92,89,64,2.13,RU,1619224305
408,Broome,42.2506,-75.833,51.8,35,1,6.91,US,1619224301
409,Graaff-Reinet,-32.2522,24.5308,58.8,60,0,0.94,ZA,1619224305
410,Mount Isa,-20.7333,139.5,77.0,33,38,11.5,AU,1619224307
411,Muscat,23.6139,58.5922,91.4,18,0,8.05,OM,1619224031
412,Mutoko,-17.397,32.2268,55.85,91,1,3.22,ZW,1619224307
413,Diapaga,12.0708,1.7889,87.33,38,100,5.5,BF,1619224308
414,Itaqui,-29.1253,-56.5531,72.72,58,100,4.85,BR,1619224308
415,Luanda,-8.8368,13.2343,75.2,88,75,5.75,AO,1619224308
416,São João da Barra,-21.6403,-41.0511,70.11,85,0,9.1,BR,1619224309
417,Preobrazheniye,42.9019,133.9064,55.38,59,100,6.04,RU,1619224309
418,Marsabit,2.3284,37.9899,65.03,83,22,13.82,KE,1619224309
419,Matara,5.9485,80.5353,77.43,89,86,5.66,LK,1619224309
420,Zanjān,36.6736,48.4787,52.48,51,100,2.95,IR,1619224310
421,Porangatu,-13.4408,-49.1486,71.44,67,0,3.13,BR,1619224310
422,Lompoc,34.6391,-120.4579,59.0,63,2,16.11,US,1619224297
423,Ixtapa,20.7,-105.2,80.6,65,40,14.97,MX,1619224310
424,Tilichiki,60.4667,166.1,28.2,84,32,2.17,RU,1619224273
425,Watsa,3.0372,29.5355,61.45,98,100,2.57,CD,1619224311
426,Puerto Triunfo,5.8726,-74.6403,76.32,92,5,1.3,CO,1619224311
427,Sinegorsk,47.1667,142.5,37.4,81,40,17.9,RU,1619224315
428,Bulolo,-7.2,146.65,77.95,78,91,1.95,PG,1619224315
429,Barabinsk,55.3571,78.357,35.33,70,0,2.48,RU,1619224316
430,Belaya Gora,68.5333,146.4167,16.92,83,88,4.74,RU,1619224316
431,Geelong,-38.1471,144.3607,62.6,55,40,17.27,AU,1619224317
432,Jati,24.3539,68.2671,79.0,72,4,8.57,PK,1619224317
433,Terrace,54.5163,-128.6035,60.8,21,40,2.3,CA,1619224209
434,Lagoa,39.05,-27.9833,57.51,76,51,32.77,PT,1619224318
435,Kirov,58.5966,49.6601,38.77,94,49,6.76,RU,1619224318
436,Waipawa,-41.4122,175.5153,68.0,49,0,13.8,NZ,1619224318
437,Valbonne,43.6329,6.9991,59.0,82,0,3.44,FR,1619224319
438,Mundo Nuevo (Ojo de Agua),18.7,-95.5,84.24,67,62,14.72,MX,1619224319
439,Murgab,37.4966,61.9714,62.6,48,66,5.91,TM,1619224320
440,Luganville,-15.5333,167.1667,85.21,73,56,11.41,VU,1619224320
441,Zhukovo,55.0318,36.744,39.99,93,100,8.95,RU,1619224321
442,Atyrau,47.1167,51.8833,42.8,100,75,8.95,KZ,1619224201
443,Puerto Colombia,10.9878,-74.9547,80.6,78,20,11.5,CO,1619224322
444,Luau,-10.7073,22.2247,64.15,85,54,1.92,AO,1619224322
445,Igarka,67.4667,86.5833,28.62,93,100,17.96,RU,1619224322
446,Jacareacanga,-6.2222,-57.7528,74.77,97,100,2.04,BR,1619224322
447,Mananjary,-21.2167,48.3333,70.68,93,74,6.98,MG,1619224323
448,Acapulco de Juárez,16.8634,-99.8901,82.4,74,90,9.22,MX,1619224297
449,Grimshaw,56.1834,-117.6027,39.2,30,40,16.11,CA,1619224323
450,Narodychi,51.2029,29.0823,33.94,84,2,9.33,UA,1619224324
451,Antigonish,45.6169,-61.9986,42.01,66,91,8.99,CA,1619224158
452,Eganville,45.5334,-77.0994,59.0,29,1,4.61,CA,1619224325
453,Menongue,-14.6585,17.691,57.72,61,10,2.66,AO,1619224326
454,Henties Bay,-22.116,14.2845,61.0,90,13,5.99,NA,1619224326
455,Nyurba,63.2842,118.3319,33.71,91,96,7.07,RU,1619224326
456,Mayumba,-3.432,10.6554,77.47,89,100,4.47,GA,1619224326
457,Tura,25.5198,90.2201,78.39,33,0,4.05,IN,1619224327
458,Roseburg,43.2165,-123.3417,68.0,17,1,11.5,US,1619224327
459,Hobyo,5.3505,48.5268,82.87,74,96,8.99,SO,1619224327
460,Otegen Batyra,43.4278,77.0222,26.6,80,20,2.24,KZ,1619224327
461,Longjiang,47.3303,123.1836,47.14,18,100,10.42,CN,1619224328
462,Aygut,40.6833,45.1729,44.01,84,66,1.01,AM,1619224329
463,Limbang,4.75,115.0,82.4,89,75,1.14,MY,1619224329
464,Semey,50.4111,80.2275,23.0,74,0,8.95,KZ,1619224329
465,West Odessa,31.8424,-102.4988,78.01,7,0,25.32,US,1619224330
466,Rosarito,32.3333,-117.0333,62.6,77,90,11.5,MX,1619224330
467,Puerto Madryn,-42.7692,-65.0385,55.94,62,0,16.6,AR,1619224330
468,Hambantota,6.1241,81.1185,79.34,81,13,5.77,LK,1619224331
469,Buloh Kasap,2.5536,102.764,75.2,100,40,2.84,MY,1619224331
470,Balkanabat,39.5108,54.3671,59.31,67,14,4.56,TM,1619224331
471,Lugovoy,42.9472,72.7644,37.02,56,100,6.62,KZ,1619224332
472,Kudat,6.8837,116.8477,82.4,78,20,3.44,MY,1619224332
473,Cayenne,4.9333,-52.3333,78.01,94,90,3.44,GF,1619224332
474,Saint-Augustin,51.226,-58.6502,32.43,96,100,12.84,CA,1619224288
475,Stromness,58.965,-3.296,37.4,87,100,8.95,GB,1619224333
476,Jämsä,61.8642,25.19,32.0,100,90,4.61,FI,1619224333
477,Kiryat Gat,31.61,34.7642,66.99,100,72,3.27,IL,1619224333
478,Buzdyak,54.5833,54.55,43.93,93,100,11.07,RU,1619224335
479,La Rioja,42.25,-2.5,55.4,54,0,16.11,ES,1619224336
480,Gobabis,-22.45,18.9667,59.27,30,0,9.1,NA,1619224337
481,Kharp,66.8014,65.8081,32.56,97,68,5.53,RU,1619224339
482,Hauterive,46.0901,3.4459,48.2,66,0,2.3,FR,1619224340
483,Husavik,66.0449,-17.3389,39.2,87,0,2.3,IS,1619224340
484,Shahr-e Bābak,30.1165,55.1186,63.3,33,91,3.53,IR,1619224341
485,Calvinia,-31.4707,19.776,61.92,39,0,1.81,ZA,1619224341
486,Farah,32.5,62.5,62.56,12,0,2.86,AF,1619224342
487,Muros,42.7762,-9.0603,59.0,93,80,7.2,ES,1619224342
488,Doha,25.2867,51.5333,82.99,44,0,2.3,QA,1619224324
489,Ancud,-41.8697,-73.8203,51.01,93,0,3.44,CL,1619224343
490,Teahupoo,-17.8333,-149.2667,86.0,70,40,9.22,PF,1619224344
491,Faranah,10.0404,-10.7434,78.21,68,100,7.96,GN,1619224344
492,Saint-Joseph,-21.3667,55.6167,77.0,83,90,19.57,RE,1619224344
493,Celbridge,53.3386,-6.5436,44.6,81,0,2.3,IE,1619224345
494,Umm Kaddadah,13.6017,26.6876,80.1,16,51,4.74,SD,1619224345
495,Chisec,15.8167,-90.2833,73.4,73,75,4.61,GT,1619224345
496,Gumdag,39.2061,54.5906,56.97,75,14,9.84,TM,1619224345
497,Jos,9.9167,8.9,73.58,59,100,4.65,NG,1619224188
498,La Asuncion,11.0333,-63.8628,68.0,100,33,23.02,VE,1619224346
499,Goundam,16.4145,-3.6708,86.86,11,48,4.16,ML,1619224270
500,Puri,19.8,85.85,78.8,94,20,8.05,IN,1619224347
501,Morón,-34.6534,-58.6198,63.0,98,85,4.0,AR,1619224137
502,Linjiang,41.8069,126.9078,65.48,44,100,2.57,CN,1619224348
503,Vila Velha,-20.3297,-40.2925,77.0,73,75,8.05,BR,1619224303
504,Andra,62.5147,65.8878,35.62,99,99,3.85,RU,1619224348
505,Bideford,51.0179,-4.2046,48.99,53,16,4.0,GB,1619224349
506,Goderich,43.7501,-81.7165,50.0,53,99,10.36,CA,1619224209
507,Chānda,19.95,79.3,83.73,38,63,4.18,IN,1619224188
508,Puerto Escondido,15.85,-97.0667,84.2,74,40,4.47,MX,1619224349
509,Adrar,20.5022,-10.0711,77.18,14,4,9.91,MR,1619224349
510,Povenets,62.8487,34.8262,34.47,97,100,3.71,RU,1619224350
511,Ambilobe,-13.2,49.05,70.57,86,91,2.93,MG,1619224350
512,Antalaha,-14.9003,50.2788,71.69,91,99,6.13,MG,1619224350
513,Arkhara,49.4212,130.0842,43.86,29,0,13.89,RU,1619224350
514,Ganzhou,28.8184,115.4327,65.53,88,100,6.26,CN,1619224351
515,Nanortalik,60.1432,-45.2371,35.96,88,8,3.31,GL,1619224351
516,Newport,51.5877,-2.9984,46.0,64,91,10.02,GB,1619224137
517,Hørve,55.7529,11.453,39.99,89,17,8.99,DK,1619224351
518,Duncan,34.5023,-97.9578,64.0,100,90,8.14,US,1619224352
519,Bambanglipuro,-7.95,110.2833,79.77,74,0,2.84,ID,1619224352
520,Brae,60.3964,-1.353,44.6,81,75,1.14,GB,1619224352
521,Praia da Vitória,38.7333,-27.0667,57.2,72,40,33.49,PT,1619224352
522,Fukuechō,32.6881,128.8419,66.2,82,0,8.05,JP,1619224353
523,Nurota,40.5614,65.6886,55.4,47,100,9.22,UZ,1619224353
524,Marechal Cândido Rondon,-24.5561,-54.0567,68.61,60,94,5.39,BR,1619224357
525,Kyakhta,50.3508,106.4494,36.54,42,100,5.21,RU,1619224358
526,Antofagasta,-23.65,-70.4,60.8,82,20,8.05,CL,1619224312
527,San Joaquin,37.9333,-121.3011,75.99,33,1,8.05,US,1619224358
528,Ullal,12.8,74.85,78.8,83,20,5.59,IN,1619224359
529,Neftçala,39.3742,49.2472,54.79,82,3,8.66,AZ,1619224359
530,Gaoua,10.2992,-3.2508,84.81,45,13,7.09,BF,1619224360
531,Khartoum,15.5518,32.5324,90.0,31,12,1.99,SD,1619224256
532,Stepantsevo,56.1314,41.7032,42.89,91,14,7.47,RU,1619224360
533,Constitución,-35.3333,-72.4167,55.24,80,0,10.45,CL,1619224360
534,Ossora,59.2353,163.0719,32.7,95,100,6.64,RU,1619224361
535,Arlit,18.7369,7.3853,83.43,7,95,6.49,NE,1619224361
536,Nome,64.5011,-165.4064,41.0,60,1,5.75,US,1619224322
537,Vangaindrano,-23.35,47.6,69.62,92,73,3.49,MG,1619224362
538,Ouésso,1.6136,16.0517,68.58,98,100,2.8,CG,1619224362
539,Talnakh,69.4865,88.3972,31.66,97,100,9.82,RU,1619224362
540,Takoradze,4.8845,-1.7554,81.45,83,100,8.12,GH,1619224363
541,Obigarm,38.7173,69.7088,40.64,48,49,8.79,TJ,1619224363
542,Belmonte,-15.8631,-38.8828,78.8,73,0,6.91,BR,1619224342
543,Sisimiut,66.9395,-53.6735,32.74,70,100,3.62,GL,1619224363
544,Porto Santo,33.072,-16.3415,64.4,72,40,13.8,PT,1619224364
545,Burnie,-41.0667,145.9167,59.0,71,100,8.01,AU,1619224365
546,Hanzhong,33.0728,107.0303,58.53,86,99,6.38,CN,1619224366
547,Roald,62.5833,6.1333,33.01,93,75,4.61,NO,1619224367
548,Celestún,20.8667,-90.4,85.84,55,92,9.98,MX,1619224367
549,Ust'-Kulom,61.6864,53.6902,36.52,94,9,4.29,RU,1619224368
550,Juneau,58.3019,-134.4197,60.8,18,20,9.22,US,1619224369
551,Middelburg,-25.7751,29.4648,50.32,62,0,1.32,ZA,1619224369
552,Bāndarban,22.1965,92.2262,78.24,41,100,1.9,BD,1619224369
553,Vardø,70.3705,31.1107,34.61,65,100,12.55,NO,1619224370
554,Moberly,39.4184,-92.4382,52.0,76,90,11.5,US,1619224370
555,Bay Roberts,47.5999,-53.2648,39.0,85,5,13.91,CA,1619224370
556,Pacific Grove,36.6177,-121.9166,59.0,58,75,10.36,US,1619224371
